{
	"credit": "Created by Dr. Printer P.H.D.",
	"parent": "block/orientable_with_faces",
	"textures": {
		"1": "block/printer_output_tray",
		"2": "block/printer_feed_base",
		"4": "block/printer_feed_papertray",
		"5": "block/printer_feed_roller",
		"7": "block/printer_paper",
		"particle": "block/printer"
	},
	"elements": [
		{
			"name": "base",
			"from": [0, 0, 0],
			"to": [16, 15, 16],
			"color": 9,
			"faces": {
				"north": {"uv": [3, 3, 7, 5.25], "texture": "#missing"},
				"east": {"uv": [0, 3, 3, 6], "texture": "#missing"},
				"south": {"uv": [10, 3, 14, 5.25], "texture": "#missing"},
				"west": {"uv": [7, 3, 10, 5.25], "texture": "#missing"},
				"up": {"uv": [7, 3, 3, 0], "texture": "#missing"},
				"down": {"uv": [11, 0, 7, 3], "texture": "#missing"}
			}
		},
		{
			"name": "feed_base_right",
			"from": [4, 9, -6],
			"to": [5, 10, -1],
			"rotation": {"angle": 0, "axis": "y", "origin": [0, 0, -16.5]},
			"faces": {
				"north": {"uv": [5, 5, 6, 6], "texture": "#2", "cullface": "north"},
				"east": {"uv": [0, 5, 5, 6], "texture": "#2", "cullface": "east"},
				"south": {"uv": [11, 5, 12, 6], "texture": "#2", "cullface": "south"},
				"west": {"uv": [6, 5, 11, 6], "texture": "#2", "cullface": "west"},
				"up": {"uv": [6, 5, 5, 0], "texture": "#2", "cullface": "up"},
				"down": {"uv": [7, 0, 6, 5], "texture": "#2", "cullface": "down"}
			}
		},
		{
			"name": "feed_base_left",
			"from": [11, 9, -6],
			"to": [12, 10, -1],
			"rotation": {"angle": 0, "axis": "y", "origin": [0, 0, -16.5]},
			"faces": {
				"north": {"uv": [5, 5, 6, 6], "texture": "#2", "cullface": "north"},
				"east": {"uv": [0, 5, 5, 6], "texture": "#2", "cullface": "east"},
				"south": {"uv": [11, 5, 12, 6], "texture": "#2", "cullface": "south"},
				"west": {"uv": [6, 5, 11, 6], "texture": "#2", "cullface": "west"},
				"up": {"uv": [6, 5, 5, 0], "texture": "#2", "cullface": "up"},
				"down": {"uv": [7, 0, 6, 5], "texture": "#2", "cullface": "down"}
			}
		},
		{
			"name": "feed_roller",
			"from": [4, 7, -2],
			"to": [12, 9, -1],
			"rotation": {"angle": 0, "axis": "y", "origin": [0, 0, -16]},
			"faces": {
				"north": {"uv": [1, 1, 5, 2], "texture": "#5", "cullface": "north"},
				"east": {"uv": [0, 1, 1, 2], "texture": "#5", "cullface": "east"},
				"south": {"uv": [6, 1, 10, 2], "texture": "#5", "cullface": "south"},
				"west": {"uv": [5, 1, 6, 2], "texture": "#5", "cullface": "west"},
				"up": {"uv": [5, 1, 1, 0], "texture": "#5", "cullface": "up"},
				"down": {"uv": [9, 0, 5, 1], "texture": "#5", "cullface": "down"}
			}
		},
		{
			"name": "feed_papertray",
			"from": [4, 13.25, -8.25],
			"to": [12, 18.25, -7.25],
			"rotation": {"angle": 22.5, "axis": "x", "origin": [0, 0, -16.5]},
			"faces": {
				"north": {"uv": [0.5, 0.5, 4.5, 3], "texture": "#4", "cullface": "north"},
				"east": {"uv": [0, 0.5, 0.5, 3], "texture": "#4", "cullface": "east"},
				"south": {"uv": [5, 0.5, 9, 3], "texture": "#4", "cullface": "south"},
				"west": {"uv": [4.5, 0.5, 5, 3], "texture": "#4", "cullface": "west"},
				"up": {"uv": [4.5, 0.5, 0.5, 0], "texture": "#4", "cullface": "up"},
				"down": {"uv": [8.5, 0, 4.5, 0.5], "texture": "#4", "cullface": "down"}
			}
		},
		{
			"name": "paper",
			"from": [5, 10.25, -9.25],
			"to": [11, 19.25, -8.25],
			"rotation": {"angle": 22.5, "axis": "x", "origin": [0, 0, -16.5]},
			"faces": {
				"north": {"uv": [1, 1, 7, 10], "texture": "#7", "cullface": "north"},
				"east": {"uv": [0, 1, 1, 10], "texture": "#7", "cullface": "east"},
				"south": {"uv": [8, 1, 14, 10], "texture": "#7", "cullface": "south"},
				"west": {"uv": [7, 1, 8, 10], "texture": "#7", "cullface": "west"},
				"up": {"uv": [7, 1, 1, 0], "texture": "#7", "cullface": "up"},
				"down": {"uv": [13, 0, 7, 1], "texture": "#7", "cullface": "down"}
			}
		},
		{
			"name": "output_tray",
			"from": [3, 1, -5],
			"to": [13, 2, -2],
			"faces": {
				"north": {"uv": [1.5, 1.5, 6.5, 2], "texture": "#1", "cullface": "north"},
				"east": {"uv": [0, 1.5, 1.5, 2], "texture": "#1", "cullface": "east"},
				"south": {"uv": [8, 1.5, 13, 2], "texture": "#1", "cullface": "south"},
				"west": {"uv": [6.5, 1.5, 8, 2], "texture": "#1", "cullface": "west"},
				"up": {"uv": [6.5, 1.5, 1.5, 0], "texture": "#1", "cullface": "up"},
				"down": {"uv": [11.5, 0, 6.5, 1.5], "texture": "#1", "cullface": "down"}
			}
		}
	],
	"gui_light": "front",
	"display": {
		"thirdperson_righthand": {
			"rotation": [75, 45, 0],
			"translation": [0, 2.5, 0],
			"scale": [0.375, 0.375, 0.375]
		},
		"thirdperson_lefthand": {
			"rotation": [75, 45, 0],
			"translation": [0, 2.5, 0],
			"scale": [0.375, 0.375, 0.375]
		},
		"firstperson_righthand": {
			"rotation": [0, 45, 0],
			"scale": [0.4, 0.4, 0.4]
		},
		"firstperson_lefthand": {
			"rotation": [0, 225, 0],
			"scale": [0.4, 0.4, 0.4]
		},
		"ground": {
			"translation": [0, 3, 0],
			"scale": [0.25, 0.25, 0.25]
		},
		"gui": {
			"rotation": [30, 135, 0],
			"scale": [0.625, 0.625, 0.625]
		},
		"fixed": {
			"scale": [0.5, 0.5, 0.5]
		}
	}
}