{
  "sources": [
    {
      "type": "paletted_permutations",
      "textures": [
        "trims/models/armor/coast",
        "trims/models/armor/coast_leggings",
        "trims/models/armor/sentry",
        "trims/models/armor/sentry_leggings",
        "trims/models/armor/dune",
        "trims/models/armor/dune_leggings",
        "trims/models/armor/wild",
        "trims/models/armor/wild_leggings",
        "trims/models/armor/ward",
        "trims/models/armor/ward_leggings",
        "trims/models/armor/eye",
        "trims/models/armor/eye_leggings",
        "trims/models/armor/vex",
        "trims/models/armor/vex_leggings",
        "trims/models/armor/tide",
        "trims/models/armor/tide_leggings",
        "trims/models/armor/snout",
        "trims/models/armor/snout_leggings",
        "trims/models/armor/rib",
        "trims/models/armor/rib_leggings",
        "trims/models/armor/spire",
        "trims/models/armor/spire_leggings",
        "trims/models/armor/wayfinder",
        "trims/models/armor/wayfinder_leggings",
        "trims/models/armor/shaper",
        "trims/models/armor/shaper_leggings",
        "trims/models/armor/silence",
        "trims/models/armor/silence_leggings",
        "trims/models/armor/raiser",
        "trims/models/armor/raiser_leggings",
        "trims/models/armor/host",
        "trims/models/armor/host_leggings"
      ],
      "palette_key": "trims/color_palettes/trim_palette",
      "permutations": {
        "barrier": "super_trim:trims/color_palettes/barrier",
        "black_dye": "super_trim:trims/color_palettes/black_dye",
        "blue_dye": "super_trim:trims/color_palettes/blue_dye",
        "brown_dye": "super_trim:trims/color_palettes/brown_dye",
        "coal": "super_trim:trims/color_palettes/coal",
        "command_block": "super_trim:trims/color_palettes/command_block",
        "crying_obsidian": "super_trim:trims/color_palettes/crying_obsidian",
        "cyan_dye": "super_trim:trims/color_palettes/cyan_dye",
        "dragon_breath": "super_trim:trims/color_palettes/dragon_breath",
        "dragon_egg": "super_trim:trims/color_palettes/dragon_egg", 
        "echo_shard": "super_trim:trims/color_palettes/echo_shard",
        "end_crystal": "super_trim:trims/color_palettes/end_crystal",
        "ender_eye": "super_trim:trims/color_palettes/ender_eye",
        "ender_pearl": "super_trim:trims/color_palettes/ender_pearl",
        "experience_bottle": "super_trim:trims/color_palettes/experience_bottle",
        "ghast_tear": "super_trim:trims/color_palettes/ghast_tear",
        "glow_ink_sac": "super_trim:trims/color_palettes/glow_ink_sac",
        "glowstone_dust": "super_trim:trims/color_palettes/glowstone_dust",
        "gray_dye": "super_trim:trims/color_palettes/gray_dye",
        "green_dye": "super_trim:trims/color_palettes/green_dye",
        "heart_of_the_sea": "super_trim:trims/color_palettes/heart_of_the_sea",
        "honeycomb": "super_trim:trims/color_palettes/honeycomb",
        "jigsaw": "super_trim:trims/color_palettes/jigsaw",
        "light": "super_trim:trims/color_palettes/light",
        "light_blue_dye": "super_trim:trims/color_palettes/light_blue_dye",
        "light_gray_dye": "super_trim:trims/color_palettes/light_gray_dye",
        "lime_dye": "super_trim:trims/color_palettes/lime_dye",
        "magenta_dye": "super_trim:trims/color_palettes/magenta_dye",
        "magma_cream": "super_trim:trims/color_palettes/magma_cream",
        "nautilus_shell": "super_trim:trims/color_palettes/nautilus_shell",
        "netherite_scrap": "super_trim:trims/color_palettes/netherite_scrap",
        "obsidian": "super_trim:trims/color_palettes/obsidian",
        "ochre_froglight": "super_trim:trims/color_palettes/ochre_froglight",
        "orange_dye": "super_trim:trims/color_palettes/orange_dye",
        "pearlescent_froglight": "super_trim:trims/color_palettes/pearlescent_froglight",
        "phantom_membrane": "super_trim:trims/color_palettes/phantom_membrane",
        "pink_dye": "super_trim:trims/color_palettes/pink_dye",
        "popped_chorus_fruit": "super_trim:trims/color_palettes/popped_chorus_fruit",
        "prismarine_crystals": "super_trim:trims/color_palettes/prismarine_crystals",
        "purple_dye": "super_trim:trims/color_palettes/purple_dye",
        "red_dye": "super_trim:trims/color_palettes/red_dye",
        "scute": "super_trim:trims/color_palettes/scute",
        "slime_ball": "super_trim:trims/color_palettes/slime_ball",
        "sponge": "super_trim:trims/color_palettes/sponge",
        "structure_block": "super_trim:trims/color_palettes/structure_block",
        "verdant_froglight": "super_trim:trims/color_palettes/verdant_froglight",
        "white_dye": "super_trim:trims/color_palettes/white_dye",
        "yellow_dye": "super_trim:trims/color_palettes/yellow_dye"
      }
    }
  ]
}