{
	"credit": "Made with Blockbench",
	"texture_size": [64, 64],
	"textures": {
		"0": "item/flintlock_musket",
		"particle": "item/flintlock_musket"
	},
	"elements": [
		{
			"from": [7.999, 0.999, 14.999],
			"to": [8.001, 3.001, 18.001],
			"rotation": {"angle": 0, "axis": "x", "origin": [8, 2, 15]},
			"faces": {
				"north": {"uv": [0, 0, 0.25, 0.25], "texture": "#0"},
				"east": {"uv": [1, 1, 0.25, 1.5], "texture": "#0"},
				"south": {"uv": [0, 0, 0.25, 0.25], "texture": "#0"},
				"west": {"uv": [0.25, 1, 1, 1.5], "texture": "#0"},
				"up": {"uv": [0, 0, 0.25, 0.25], "rotation": 180, "texture": "#0"},
				"down": {"uv": [0, 0, 0.25, 0.25], "rotation": 180, "texture": "#0"}
			}
		},
		{
			"from": [6.999, 3, -3],
			"to": [9.001, 6, 18],
			"rotation": {"angle": 0, "axis": "x", "origin": [1, 1, -2]},
			"faces": {
				"north": {"uv": [8, 0.25, 8.5, 1], "texture": "#0"},
				"east": {"uv": [3.75, 2.25, 9, 3], "texture": "#0"},
				"south": {"uv": [3.25, 0.25, 3.75, 1], "texture": "#0"},
				"west": {"uv": [4.25, 1.25, 9.5, 2], "texture": "#0"},
				"up": {"uv": [1.75, 0.75, 2.25, 6], "texture": "#0"},
				"down": {"uv": [2.5, 6, 3, 0.75], "texture": "#0"}
			}
		},
		{
			"from": [7, 3, 18],
			"to": [9, 6, 23],
			"rotation": {"angle": 22.5, "axis": "x", "origin": [8, 6, 18]},
			"faces": {
				"north": {"uv": [8.75, 3, 9.25, 2.25], "texture": "#0"},
				"east": {"uv": [12, 0.25, 13.25, 1], "texture": "#0"},
				"south": {"uv": [9.5, 2.25, 10, 3], "texture": "#0"},
				"west": {"uv": [10.5, 0.25, 11.75, 1], "texture": "#0"},
				"up": {"uv": [12.25, 1.25, 12.75, 2.5], "texture": "#0"},
				"down": {"uv": [15, 1.25, 15.5, 0.25], "texture": "#0"}
			}
		},
		{
			"from": [6.99, 1.31494, 21.47135],
			"to": [9.01, 5.31494, 27.47135],
			"rotation": {"angle": 0, "axis": "x", "origin": [8, 1.31494, 21.47135]},
			"faces": {
				"north": {"uv": [14.25, 0.25, 14.75, 1.25], "texture": "#0"},
				"east": {"uv": [10.5, 2.5, 12, 3.5], "texture": "#0"},
				"south": {"uv": [13.5, 0.25, 14, 1.25], "texture": "#0"},
				"west": {"uv": [10.5, 1.25, 12, 2.25], "texture": "#0"},
				"up": {"uv": [14.25, 0.25, 14.75, 1.75], "texture": "#0"},
				"down": {"uv": [15, 1.75, 15.5, 0.25], "texture": "#0"}
			}
		},
		{
			"from": [7, 4, -5],
			"to": [9, 6, -3],
			"rotation": {"angle": 0, "axis": "x", "origin": [7, 4, 5]},
			"faces": {
				"north": {"uv": [0.25, 0.25, 0.75, 0.75], "texture": "#0"},
				"east": {"uv": [9, 2.25, 9.5, 2.75], "texture": "#0"},
				"south": {"uv": [0.25, 0.25, 0.75, 0.75], "texture": "#0"},
				"west": {"uv": [3.75, 1.25, 4.25, 1.75], "texture": "#0"},
				"up": {"uv": [1.75, 0.25, 2.25, 0.75], "texture": "#0"},
				"down": {"uv": [2.5, 0.75, 3, 0.25], "texture": "#0"}
			}
		},
		{
			"from": [9.01, 4, 13],
			"to": [9.011, 8, 15],
			"rotation": {"angle": 0, "axis": "x", "origin": [9, 4.5, 16.5]},
			"faces": {
				"north": {"uv": [0, 0, 0.25025, 0.25], "texture": "#0"},
				"east": {"uv": [1, 1.75, 1.5, 2.75], "texture": "#0"},
				"south": {"uv": [0, 0, 0.25025, 0.25], "texture": "#0"},
				"west": {"uv": [1.5, 1.75, 1, 2.75], "texture": "#0"},
				"up": {"uv": [0, 0, 0.00025, 0.5], "texture": "#0"},
				"down": {"uv": [0, 0, 0.00025, 0.5], "texture": "#0"}
			}
		},
		{
			"from": [9.01, 4, 16],
			"to": [9.011, 8, 18],
			"rotation": {"angle": 0, "axis": "x", "origin": [9, 4.5, 16.5]},
			"faces": {
				"north": {"uv": [0, 0, 0.25025, 0.25], "texture": "#0"},
				"east": {"uv": [0.25, 1.75, 0.75, 2.75], "texture": "#0"},
				"south": {"uv": [0, 0, 0.25025, 0.25], "texture": "#0"},
				"west": {"uv": [0.75, 1.75, 0.25, 2.75], "texture": "#0"},
				"up": {"uv": [0, 0, 0.00025, 0.5], "texture": "#0"},
				"down": {"uv": [0, 0, 0.00025, 0.5], "texture": "#0"}
			}
		}
	],
	"gui_light": "front",
	"display": {
		"thirdperson_righthand": {
			"rotation": [10, -13, 0],
			"translation": [1, 3.75, -5.5],
			"scale": [0.85, 0.85, 0.85]
		},
		"thirdperson_lefthand": {
			"rotation": [10, -13, 0],
			"translation": [1, 3.75, -5.5],
			"scale": [0.85, 0.85, 0.85]
		},
		"firstperson_righthand": {
			"rotation": [105, 9, -30],
			"translation": [1.5, -4, -1.5],
			"scale": [0.85, 0.85, 0.75]
		},
		"firstperson_lefthand": {
			"rotation": [105, 9, -30],
			"translation": [1.5, -4, -1.5],
			"scale": [0.85, 0.85, 0.75]
		},
		"ground": {
			"translation": [0, 5, -2.5],
			"scale": [0.8, 0.8, 0.8]
		},
		"gui": {
			"rotation": [30, 130, 0],
			"translation": [-0.5, 1.5, 0],
			"scale": [0.56, 0.56, 0.56]
		},
		"fixed": {
			"rotation": [0, 90, 0],
			"translation": [-4, 5, -2.5],
			"scale": [1.5, 1.5, 1.5]
		}
	}
}