{
  "parent": "minecraft:item/generated",
  "overrides": [
    {
      "model": "super_trim:item/chainmail_boots_barrier_trim",
      "predicate": {
        "trim_type":0.01
      }
    },
    {
      "model": "super_trim:item/chainmail_boots_black_dye_trim",
      "predicate": {
        "trim_type":0.02
      }
    },
    {
      "model": "super_trim:item/chainmail_boots_blue_dye_trim",
      "predicate": {
        "trim_type":0.03
      }
    },
    {
      "model": "super_trim:item/chainmail_boots_brown_dye_trim",
      "predicate": {
        "trim_type":0.04
      }
    },
    {
      "model": "super_trim:item/chainmail_boots_coal_trim",
      "predicate": {
        "trim_type":0.05
      }
    },
    {
      "model": "super_trim:item/chainmail_boots_command_block_trim",
      "predicate": {
        "trim_type":0.06
      }
    },
    {
      "model": "super_trim:item/chainmail_boots_crying_obsidian_trim",
      "predicate": {
        "trim_type":0.07
      }
    },
    {
      "model": "super_trim:item/chainmail_boots_cyan_dye_trim",
      "predicate": {
        "trim_type":0.08
      }
    },
    {
      "model": "super_trim:item/chainmail_boots_dragon_breath_trim",
      "predicate": {
        "trim_type":0.09
      }
    },
    {
      "model": "minecraft:item/chainmail_boots_quartz_trim",
      "predicate": {
        "trim_type": 0.1
      }
    },
    {
      "model": "super_trim:item/chainmail_boots_dragon_egg_trim",
      "predicate": {
        "trim_type":0.11
      }
    },
    {
      "model": "super_trim:item/chainmail_boots_echo_shard_trim",
      "predicate": {
        "trim_type":0.12
      }
    },
    {
      "model": "super_trim:item/chainmail_boots_end_crystal_trim",
      "predicate": {
        "trim_type":0.13
      }
    },
    {
      "model": "super_trim:item/chainmail_boots_ender_eye_trim",
      "predicate": {
        "trim_type":0.14
      }
    },
    {
      "model": "super_trim:item/chainmail_boots_ender_pearl_trim",
      "predicate": {
        "trim_type":0.15
      }
    },
    {
      "model": "super_trim:item/chainmail_boots_experience_bottle_trim",
      "predicate": {
        "trim_type":0.16
      }
    },
    {
      "model": "super_trim:item/chainmail_boots_ghast_tear_trim",
      "predicate": {
        "trim_type":0.17
      }
    },
    {
      "model": "super_trim:item/chainmail_boots_glow_ink_sac_trim",
      "predicate": {
        "trim_type":0.18
      }
    },
    {
      "model": "super_trim:item/chainmail_boots_glowstone_dust_trim",
      "predicate": {
        "trim_type":0.19
      }
    },
    {
      "model": "minecraft:item/chainmail_boots_iron_trim",
      "predicate": {
        "trim_type": 0.2
      }
    },
    {
      "model": "super_trim:item/chainmail_boots_gray_dye_trim",
      "predicate": {
        "trim_type":0.21
      }
    },
    {
      "model": "super_trim:item/chainmail_boots_green_dye_trim",
      "predicate": {
        "trim_type":0.22
      }
    },
    {
      "model": "super_trim:item/chainmail_boots_heart_of_the_sea_trim",
      "predicate": {
        "trim_type":0.23
      }
    },
    {
      "model": "super_trim:item/chainmail_boots_honeycomb_trim",
      "predicate": {
        "trim_type":0.24
      }
    },
    {
      "model": "super_trim:item/chainmail_boots_jigsaw_trim",
      "predicate": {
        "trim_type":0.25
      }
    },
    {
      "model": "super_trim:item/chainmail_boots_light_blue_dye_trim",
      "predicate": {
        "trim_type":0.26
      }
    },
    {
      "model": "super_trim:item/chainmail_boots_light_gray_dye_trim",
      "predicate": {
        "trim_type":0.27
      }
    },
    {
      "model": "super_trim:item/chainmail_boots_light_trim",
      "predicate": {
        "trim_type":0.28
      }
    },
    {
      "model": "super_trim:item/chainmail_boots_lime_dye_trim",
      "predicate": {
        "trim_type":0.29
      }
    },
    {
      "model": "minecraft:item/chainmail_boots_netherite_trim",
      "predicate": {
        "trim_type": 0.3
      }
    },
    {
      "model": "super_trim:item/chainmail_boots_magenta_dye_trim",
      "predicate": {
        "trim_type":0.31
      }
    },
    {
      "model": "super_trim:item/chainmail_boots_magma_cream_trim",
      "predicate": {
        "trim_type":0.32
      }
    },
    {
      "model": "super_trim:item/chainmail_boots_nautilus_shell_trim",
      "predicate": {
        "trim_type":0.33
      }
    },
    {
      "model": "super_trim:item/chainmail_boots_netherite_scrap_trim",
      "predicate": {
        "trim_type":0.34
      }
    },
    {
      "model": "super_trim:item/chainmail_boots_obsidian_trim",
      "predicate": {
        "trim_type":0.35
      }
    },
    {
      "model": "super_trim:item/chainmail_boots_ochre_froglight_trim",
      "predicate": {
        "trim_type":0.36
      }
    },
    {
      "model": "super_trim:item/chainmail_boots_orange_dye_trim",
      "predicate": {
        "trim_type":0.37
      }
    },
    {
      "model": "super_trim:item/chainmail_boots_pearlescent_froglight_trim",
      "predicate": {
        "trim_type":0.38
      }
    },
    {
      "model": "super_trim:item/chainmail_boots_phantom_membrane_trim",
      "predicate": {
        "trim_type":0.39
      }
    },
    {
      "model": "minecraft:item/chainmail_boots_redstone_trim",
      "predicate": {
        "trim_type": 0.4
      }
    },
    {
      "model": "super_trim:item/chainmail_boots_pink_dye_trim",
      "predicate": {
        "trim_type":0.41
      }
    },
    {
      "model": "super_trim:item/chainmail_boots_popped_chorus_fruit_trim",
      "predicate": {
        "trim_type":0.42
      }
    },
    {
      "model": "super_trim:item/chainmail_boots_prismarine_crystals_trim",
      "predicate": {
        "trim_type":0.43
      }
    },
    {
      "model": "super_trim:item/chainmail_boots_purple_dye_trim",
      "predicate": {
        "trim_type":0.44
      }
    },
    {
      "model": "super_trim:item/chainmail_boots_red_dye_trim",
      "predicate": {
        "trim_type":0.45
      }
    },
    {
      "model": "super_trim:item/chainmail_boots_scute_trim",
      "predicate": {
        "trim_type":0.46
      }
    },
    {
      "model": "super_trim:item/chainmail_boots_slime_ball_trim",
      "predicate": {
        "trim_type":0.47
      }
    },
    {
      "model": "super_trim:item/chainmail_boots_sponge_trim",
      "predicate": {
        "trim_type":0.48
      }
    },
    {
      "model": "super_trim:item/chainmail_boots_structure_block_trim",
      "predicate": {
        "trim_type":0.49
      }
    },
    {
      "model": "minecraft:item/chainmail_boots_copper_trim",
      "predicate": {
        "trim_type": 0.5
      }
    },
    {
      "model": "super_trim:item/chainmail_boots_verdant_froglight_trim",
      "predicate": {
        "trim_type":0.51
      }
    },
    {
      "model": "super_trim:item/chainmail_boots_white_dye_trim",
      "predicate": {
        "trim_type":0.52
      }
    },
    {
      "model": "super_trim:item/chainmail_boots_yellow_dye_trim",
      "predicate": {
        "trim_type":0.53
      }
    },
    {
      "model": "minecraft:item/chainmail_boots_gold_trim",
      "predicate": {
        "trim_type": 0.6
      }
    },
    {
      "model": "minecraft:item/chainmail_boots_emerald_trim",
      "predicate": {
        "trim_type": 0.7
      }
    },
    {
      "model": "minecraft:item/chainmail_boots_diamond_trim",
      "predicate": {
        "trim_type": 0.8
      }
    },
    {
      "model": "minecraft:item/chainmail_boots_lapis_trim",
      "predicate": {
        "trim_type": 0.9
      }
    },
    {
      "model": "minecraft:item/chainmail_boots_amethyst_trim",
      "predicate": {
        "trim_type": 1.0
      }
    }
  ],
  "textures": {
    "layer0": "minecraft:item/chainmail_boots"
  }
}