{
  "parent": "minecraft:item/generated",
  "overrides": [
    {
      "model": "super_trim:item/replaceme_barrier_trim",
      "predicate": {
        "trim_type":0.01
      }
    },
    {
      "model": "super_trim:item/replaceme_black_dye_trim",
      "predicate": {
        "trim_type":0.02
      }
    },
    {
      "model": "super_trim:item/replaceme_blue_dye_trim",
      "predicate": {
        "trim_type":0.03
      }
    },
    {
      "model": "super_trim:item/replaceme_brown_dye_trim",
      "predicate": {
        "trim_type":0.04
      }
    },
    {
      "model": "super_trim:item/replaceme_coal_trim",
      "predicate": {
        "trim_type":0.05
      }
    },
    {
      "model": "super_trim:item/replaceme_command_block_trim",
      "predicate": {
        "trim_type":0.06
      }
    },
    {
      "model": "super_trim:item/replaceme_crying_obsidian_trim",
      "predicate": {
        "trim_type":0.07
      }
    },
    {
      "model": "super_trim:item/replaceme_cyan_dye_trim",
      "predicate": {
        "trim_type":0.08
      }
    },
    {
      "model": "super_trim:item/replaceme_dragon_breath_trim",
      "predicate": {
        "trim_type":0.09
      }
    },
    {
      "model": "minecraft:item/replaceme_quartz_trim",
      "predicate": {
        "trim_type": 0.1
      }
    },
    {
      "model": "super_trim:item/replaceme_dragon_egg_trim",
      "predicate": {
        "trim_type":0.11
      }
    },
    {
      "model": "super_trim:item/replaceme_echo_shard_trim",
      "predicate": {
        "trim_type":0.12
      }
    },
    {
      "model": "super_trim:item/replaceme_end_crystal_trim",
      "predicate": {
        "trim_type":0.13
      }
    },
    {
      "model": "super_trim:item/replaceme_ender_eye_trim",
      "predicate": {
        "trim_type":0.14
      }
    },
    {
      "model": "super_trim:item/replaceme_ender_pearl_trim",
      "predicate": {
        "trim_type":0.15
      }
    },
    {
      "model": "super_trim:item/replaceme_experience_bottle_trim",
      "predicate": {
        "trim_type":0.16
      }
    },
    {
      "model": "super_trim:item/replaceme_ghast_tear_trim",
      "predicate": {
        "trim_type":0.17
      }
    },
    {
      "model": "super_trim:item/replaceme_glow_ink_trim",
      "predicate": {
        "trim_type":0.18
      }
    },
    {
      "model": "super_trim:item/replaceme_glowstone_trim",
      "predicate": {
        "trim_type":0.19
      }
    },
    {
      "model": "minecraft:item/replaceme_iron_trim",
      "predicate": {
        "trim_type": 0.2
      }
    },
    {
      "model": "super_trim:item/replaceme_gray_dye_trim",
      "predicate": {
        "trim_type":0.21
      }
    },
    {
      "model": "super_trim:item/replaceme_green_dye_trim",
      "predicate": {
        "trim_type":0.22
      }
    },
    {
      "model": "super_trim:item/replaceme_heart_of_the_sea_trim",
      "predicate": {
        "trim_type":0.23
      }
    },
    {
      "model": "super_trim:item/replaceme_honeycomb_trim",
      "predicate": {
        "trim_type":0.24
      }
    },
    {
      "model": "super_trim:item/replaceme_jigsaw_trim",
      "predicate": {
        "trim_type":0.25
      }
    },
    {
      "model": "super_trim:item/replaceme_light_blue_dye_trim",
      "predicate": {
        "trim_type":0.26
      }
    },
    {
      "model": "super_trim:item/replaceme_light_gray_dye_trim",
      "predicate": {
        "trim_type":0.27
      }
    },
    {
      "model": "super_trim:item/replaceme_light_trim",
      "predicate": {
        "trim_type":0.28
      }
    },
    {
      "model": "super_trim:item/replaceme_lime_dye_trim",
      "predicate": {
        "trim_type":0.29
      }
    },
    {
      "model": "minecraft:item/replaceme_netherite_trim",
      "predicate": {
        "trim_type": 0.3
      }
    },
    {
      "model": "super_trim:item/replaceme_magenta_dye_trim",
      "predicate": {
        "trim_type":0.31
      }
    },
    {
      "model": "super_trim:item/replaceme_magma_cream_trim",
      "predicate": {
        "trim_type":0.32
      }
    },
    {
      "model": "super_trim:item/replaceme_nautilus_trim",
      "predicate": {
        "trim_type":0.33
      }
    },
    {
      "model": "super_trim:item/replaceme_netherite_scrap_trim",
      "predicate": {
        "trim_type":0.34
      }
    },
    {
      "model": "super_trim:item/replaceme_obsidian_trim",
      "predicate": {
        "trim_type":0.35
      }
    },
    {
      "model": "super_trim:item/replaceme_ochre_froglight_trim",
      "predicate": {
        "trim_type":0.36
      }
    },
    {
      "model": "super_trim:item/replaceme_orange_dye_trim",
      "predicate": {
        "trim_type":0.37
      }
    },
    {
      "model": "super_trim:item/replaceme_pearlescent_froglight_trim",
      "predicate": {
        "trim_type":0.38
      }
    },
    {
      "model": "super_trim:item/replaceme_phantom_membrane_trim",
      "predicate": {
        "trim_type":0.39
      }
    },
    {
      "model": "minecraft:item/replaceme_redstone_trim",
      "predicate": {
        "trim_type": 0.4
      }
    },
    {
      "model": "super_trim:item/replaceme_pink_dye_trim",
      "predicate": {
        "trim_type":0.41
      }
    },
    {
      "model": "super_trim:item/replaceme_popped_chorus_fruit_trim",
      "predicate": {
        "trim_type":0.42
      }
    },
    {
      "model": "super_trim:item/replaceme_prismarine_trim",
      "predicate": {
        "trim_type":0.43
      }
    },
    {
      "model": "super_trim:item/replaceme_purple_dye_trim",
      "predicate": {
        "trim_type":0.44
      }
    },
    {
      "model": "super_trim:item/replaceme_red_dye_trim",
      "predicate": {
        "trim_type":0.45
      }
    },
    {
      "model": "super_trim:item/replaceme_scute_trim",
      "predicate": {
        "trim_type":0.46
      }
    },
    {
      "model": "super_trim:item/replaceme_slime_trim",
      "predicate": {
        "trim_type":0.47
      }
    },
    {
      "model": "super_trim:item/replaceme_sponge_trim",
      "predicate": {
        "trim_type":0.48
      }
    },
    {
      "model": "super_trim:item/replaceme_structure_block_trim",
      "predicate": {
        "trim_type":0.49
      }
    },
    {
      "model": "minecraft:item/replaceme_copper_trim",
      "predicate": {
        "trim_type": 0.5
      }
    },
    {
      "model": "super_trim:item/replaceme_verdant_froglight_trim",
      "predicate": {
        "trim_type":0.51
      }
    },
    {
      "model": "super_trim:item/replaceme_white_dye_trim",
      "predicate": {
        "trim_type":0.52
      }
    },
    {
      "model": "super_trim:item/replaceme_yellow_dye_trim",
      "predicate": {
        "trim_type":0.53
      }
    },
    {
      "model": "minecraft:item/replaceme_gold_trim",
      "predicate": {
        "trim_type": 0.6
      }
    },
    {
      "model": "minecraft:item/replaceme_emerald_trim",
      "predicate": {
        "trim_type": 0.7
      }
    },
    {
      "model": "minecraft:item/replaceme_diamond_trim",
      "predicate": {
        "trim_type": 0.8
      }
    },
    {
      "model": "minecraft:item/replaceme_lapis_trim",
      "predicate": {
        "trim_type": 0.9
      }
    },
    {
      "model": "minecraft:item/replaceme_amethyst_trim",
      "predicate": {
        "trim_type": 1.0
      }
    }
  ],
  "textures": {
    "layer0": "minecraft:item/replaceme"
  }
}