{
	"credit": "Made with Blockbench",
	"textures": {
		"3": "block/moger_top",
		"4": "block/moger_middle",
		"5": "block/moger_leftfoot",
		"6": "block/moger_rightfoot",
		"bottom": "block/cake_bottom",
		"top": "block/cake_top",
		"particle": "block/cake_side",
		"side": "block/cake_side"
	},
	"elements": [
		{
			"from": [1, 0, 1],
			"to": [15, 8, 15],
			"faces": {
				"north": {"uv": [1, 8, 15, 16], "texture": "#side", "cullface": "north"},
				"east": {"uv": [1, 8, 15, 16], "texture": "#side", "cullface": "east"},
				"south": {"uv": [1, 8, 15, 16], "texture": "#side", "cullface": "south"},
				"west": {"uv": [1, 8, 15, 16], "texture": "#side", "cullface": "west"},
				"up": {"uv": [1, 1, 15, 15], "texture": "#top", "cullface": "up"},
				"down": {"uv": [1, 1, 15, 15], "texture": "#bottom", "cullface": "down"}
			}
		},
		{
			"name": "top",
			"from": [7, 7, 6],
			"to": [9, 9, 7],
			"faces": {
				"north": {"uv": [0, 0, 2, 2], "texture": "#3"},
				"east": {"uv": [2, 0, 3, 2], "texture": "#3"},
				"south": {"uv": [0, 2, 2, 4], "texture": "#3"},
				"west": {"uv": [2, 2, 3, 4], "texture": "#3"},
				"up": {"uv": [5, 1, 3, 0], "texture": "#3"},
				"down": {"uv": [5, 1, 3, 2], "texture": "#3"}
			}
		},
		{
			"name": "middle",
			"from": [6, 7, 7],
			"to": [10, 9, 9],
			"faces": {
				"north": {"uv": [0, 0, 4, 2], "texture": "#4"},
				"east": {"uv": [4, 2, 6, 4], "texture": "#4"},
				"south": {"uv": [0, 2, 4, 4], "texture": "#4"},
				"west": {"uv": [4, 4, 6, 6], "texture": "#4"},
				"up": {"uv": [4, 6, 0, 4], "texture": "#4"},
				"down": {"uv": [8, 0, 4, 2], "texture": "#4"}
			}
		},
		{
			"name": "leftfoot",
			"from": [6, 7, 9],
			"to": [7, 9, 10],
			"faces": {
				"north": {"uv": [0, 0, 1, 2], "texture": "#5"},
				"east": {"uv": [1, 0, 2, 2], "texture": "#5"},
				"south": {"uv": [0, 2, 1, 4], "texture": "#5"},
				"west": {"uv": [2, 0, 3, 2], "texture": "#5"},
				"up": {"uv": [2, 3, 1, 2], "texture": "#5"},
				"down": {"uv": [3, 2, 2, 3], "texture": "#5"}
			}
		},
		{
			"name": "rightfoot",
			"from": [8, 7, 9],
			"to": [9, 9, 10],
			"faces": {
				"north": {"uv": [0, 0, 1, 2], "texture": "#6"},
				"east": {"uv": [1, 0, 2, 2], "texture": "#6"},
				"south": {"uv": [0, 2, 1, 4], "texture": "#6"},
				"west": {"uv": [2, 0, 3, 2], "texture": "#6"},
				"up": {"uv": [2, 3, 1, 2], "texture": "#6"},
				"down": {"uv": [3, 2, 2, 3], "texture": "#6"}
			}
		}
	],
	"display": {},
	"groups": [
		0,
		{
			"name": "moger",
			"origin": [0, 0, 0],
			"color": 0,
			"nbt": "{}",
			"armAnimationEnabled": false,
			"children": [1, 2, 3, 4]
		}
	]
}