{
	"credit": "Made with Blockbench",
	"parent": "minecraft:block/block",
	"texture_size": [64, 64],
	"textures": {
		"1": "block/toilet/clean",
		"2": "block/toilet/ceramic",
		"particle": "block/toilet/ceramic"
	},
	"elements": [
		{
			"from": [0, 5.75, 11],
			"to": [12, 11.75, 17],
			"rotation": {"angle": 0, "axis": "y", "origin": [8, 11.125, 6.5]},
			"faces": {
				"north": {"uv": [5, 1.5, 7.5, 3], "texture": "#2"},
				"east": {"uv": [7, 8.75, 7.5, 10.25], "texture": "#2"},
				"south": {"uv": [5, 0, 7.5, 1.5], "texture": "#2"},
				"west": {"uv": [7.5, 8.75, 8, 10.25], "texture": "#2"},
				"up": {"uv": [0.5, 10.75, 0, 8.25], "rotation": 90, "texture": "#2"},
				"down": {"uv": [1, 8.25, 0.5, 10.75], "rotation": 270, "texture": "#2"}
			}
		},
		{
			"from": [0, 6.75, 3],
			"to": [12, 8.75, 13],
			"rotation": {"angle": 0, "axis": "y", "origin": [8, 11.125, 6.5]},
			"faces": {
				"north": {"uv": [8.5, 4, 11, 4.5], "texture": "#2"},
				"east": {"uv": [9.5, 8.75, 10, 9.25], "texture": "#2"},
				"south": {"uv": [8.5, 3.5, 11, 4], "texture": "#2"},
				"west": {"uv": [9.5, 9.25, 10, 9.75], "texture": "#2"},
				"up": {"uv": [6.5, 11.25, 6, 8.75], "rotation": 90, "texture": "#2"},
				"down": {"uv": [7, 8.75, 6.5, 11.25], "rotation": 270, "texture": "#2"}
			}
		},
		{
			"from": [0, 5.75, -1],
			"to": [12, 11.75, 5],
			"rotation": {"angle": 0, "axis": "y", "origin": [8, 11.125, 6.5]},
			"faces": {
				"north": {"uv": [6.5, 6.25, 9, 7.75], "texture": "#2"},
				"east": {"uv": [8, 8.75, 8.5, 10.25], "texture": "#2"},
				"south": {"uv": [4, 6.25, 6.5, 7.75], "texture": "#2"},
				"west": {"uv": [8.5, 8.75, 9, 10.25], "texture": "#2"},
				"up": {"uv": [1.5, 10.75, 1, 8.25], "rotation": 90, "texture": "#2"},
				"down": {"uv": [2, 8.25, 1.5, 10.75], "rotation": 270, "texture": "#2"}
			}
		},
		{
			"from": [0, 5.75, 1],
			"to": [12, 7.75, 11],
			"rotation": {"angle": 0, "axis": "y", "origin": [8, 11.125, 6.5]},
			"faces": {
				"north": {"uv": [8.5, 3, 11, 3.5], "texture": "#2"},
				"east": {"uv": [9.5, 6.5, 10, 7], "texture": "#2"},
				"south": {"uv": [8.5, 2.5, 11, 3], "texture": "#2"},
				"west": {"uv": [9.5, 7, 10, 7.5], "texture": "#2"},
				"up": {"uv": [2.5, 10.75, 2, 8.25], "rotation": 90, "texture": "#2"},
				"down": {"uv": [6, 8.75, 5.5, 11.25], "rotation": 270, "texture": "#2"}
			}
		},
		{
			"from": [-2, 5.75, -1],
			"to": [2, 11.75, 17],
			"rotation": {"angle": 0, "axis": "y", "origin": [8, 11.125, 6.5]},
			"faces": {
				"north": {"uv": [9, 8.75, 9.5, 10.25], "texture": "#2"},
				"east": {"uv": [0, 6.75, 2.5, 8.25], "texture": "#2"},
				"south": {"uv": [9, 6.25, 9.5, 7.75], "texture": "#2"},
				"west": {"uv": [7.5, 0, 10, 1.5], "texture": "#2"},
				"up": {"uv": [11, 2, 8.5, 1.5], "rotation": 90, "texture": "#2"},
				"down": {"uv": [11, 2, 8.5, 2.5], "rotation": 270, "texture": "#2"}
			}
		},
		{
			"from": [0, 5.75, 3],
			"to": [6, 7.75, 13],
			"rotation": {"angle": 0, "axis": "y", "origin": [8, 11.125, 6.5]},
			"faces": {
				"north": {"uv": [9.5, 5, 10.5, 5.5], "texture": "#2"},
				"east": {"uv": [3.5, 9.75, 4, 10.25], "texture": "#2"},
				"south": {"uv": [9.5, 4.5, 10.5, 5], "texture": "#2"},
				"west": {"uv": [4, 9.75, 4.5, 10.25], "texture": "#2"},
				"up": {"uv": [4, 7.75, 3.5, 6.75], "rotation": 90, "texture": "#2"},
				"down": {"uv": [10, 5.5, 9.5, 6.5], "rotation": 270, "texture": "#2"}
			}
		},
		{
			"from": [8, 5.75, 3],
			"to": [12, 7.75, 13],
			"rotation": {"angle": 0, "axis": "y", "origin": [8, 11.125, 6.5]},
			"faces": {
				"north": {"uv": [10, 0, 10.5, 0.5], "texture": "#2"},
				"east": {"uv": [4.5, 9.75, 5, 10.25], "texture": "#2"},
				"south": {"uv": [5, 9.75, 5.5, 10.25], "texture": "#2"},
				"west": {"uv": [9.5, 9.75, 10, 10.25], "texture": "#2"},
				"up": {"uv": [10.5, 1, 10, 0.5], "rotation": 90, "texture": "#2"},
				"down": {"uv": [10.5, 1, 10, 1.5], "rotation": 270, "texture": "#2"}
			}
		},
		{
			"from": [10, 5.75, -1],
			"to": [16, 18.75, 17],
			"rotation": {"angle": 0, "axis": "y", "origin": [8, 11.125, 6.5]},
			"faces": {
				"north": {"uv": [7.5, 1.5, 8.5, 4.75], "texture": "#2"},
				"east": {"uv": [0, 0, 2.5, 3.25], "texture": "#2"},
				"south": {"uv": [2.5, 6.75, 3.5, 10], "texture": "#2"},
				"west": {"uv": [2.5, 0, 5, 3.25], "texture": "#2"},
				"up": {"uv": [8, 8.75, 5.5, 7.75], "rotation": 90, "texture": "#2"},
				"down": {"uv": [10.5, 7.75, 8, 8.75], "rotation": 270, "texture": "#2"}
			}
		},
		{
			"from": [11, 18.75, 2],
			"to": [15, 19.25, 14],
			"rotation": {"angle": 0, "axis": "y", "origin": [8, 11.125, 6.5]},
			"faces": {
				"north": {"uv": [2.5, 11.25, 3, 11.5], "texture": "#2"},
				"east": {"uv": [2.5, 10.75, 3.5, 11], "texture": "#2"},
				"south": {"uv": [2.5, 11.5, 3, 11.75], "texture": "#2"},
				"west": {"uv": [2.5, 11, 3.5, 11.25], "texture": "#2"},
				"up": {"uv": [3.5, 10.5, 2.5, 10], "rotation": 90, "texture": "#2"},
				"down": {"uv": [5.5, 9.25, 4.5, 9.75], "rotation": 270, "texture": "#2"}
			}
		},
		{
			"from": [2, 8.75, 3],
			"to": [10, 9.75, 13],
			"rotation": {"angle": 0, "axis": "y", "origin": [8, 11.125, 6.5]},
			"faces": {
				"north": {"uv": [0, 0, 1, 0.25], "texture": "#missing"},
				"east": {"uv": [0, 0, 0.5, 0.25], "texture": "#missing"},
				"south": {"uv": [0, 0, 1, 0.25], "texture": "#missing"},
				"west": {"uv": [0, 0, 0.5, 0.25], "texture": "#missing"},
				"up": {"uv": [0, 0, 4, 5], "rotation": 90, "texture": "#1"},
				"down": {"uv": [0, 0, 0.5, 1], "rotation": 270, "texture": "#missing"}
			}
		},
		{
			"from": [0, -0.25, 0],
			"to": [16, 5.75, 16],
			"rotation": {"angle": 0, "axis": "y", "origin": [8, 11.125, 6.5]},
			"faces": {
				"north": {"uv": [0, 0, 3.5, 1.5], "texture": "#2"},
				"east": {"uv": [0, 0, 2, 1.5], "texture": "#2"},
				"south": {"uv": [0, 0, 3.5, 1.5], "texture": "#2"},
				"west": {"uv": [0, 0, 2, 1.5], "texture": "#2"},
				"up": {"uv": [0, 0, 2, 3.5], "rotation": 90, "texture": "#missing"},
				"down": {"uv": [2, 0, 4, 3.5], "rotation": 270, "texture": "#2"}
			}
		}
	],
	"display": {
		"thirdperson_righthand": {
			"rotation": [75, 45, 0],
			"translation": [0, 2.5, 0],
			"scale": [0.375, 0.375, 0.375]
		},
		"thirdperson_lefthand": {
			"rotation": [75, 45, 0],
			"translation": [0, 2.5, 0],
			"scale": [0.375, 0.375, 0.375]
		},
		"firstperson_righthand": {
			"rotation": [0, 45, 0],
			"scale": [0.4, 0.4, 0.4]
		},
		"firstperson_lefthand": {
			"rotation": [0, 225, 0],
			"scale": [0.4, 0.4, 0.4]
		},
		"ground": {
			"translation": [0, 3, 0],
			"scale": [0.25, 0.25, 0.25]
		},
		"gui": {
			"rotation": [30, 135, 0],
			"scale": [0.625, 0.625, 0.625]
		},
		"head": {
			"rotation": [-67, -90, 0]
		},
		"fixed": {
			"scale": [0.5, 0.5, 0.5]
		}
	}
}