{
	"credit": "Made with Blockbench",
	"parent": "minecraft:block/cube",
	"texture_size": [64, 64],
	"textures": {
		"1": "toilet:block/toilet/clean",
		"2": "toilet:block/toilet/ceramic",
		"particle": "toilet:block/toilet/ceramic"
	},
	"elements": [
		{
			"from": [11, 6, 4],
			"to": [13, 12, 14],
			"faces": {
				"north": {"uv": [7, 8.75, 7.5, 10.25], "texture": "#2"},
				"east": {"uv": [5, 0, 7.5, 1.5], "texture": "#2"},
				"south": {"uv": [7.5, 8.75, 8, 10.25], "texture": "#2"},
				"west": {"uv": [5, 1.5, 7.5, 3], "texture": "#2"},
				"up": {"uv": [0.5, 10.75, 0, 8.25], "texture": "#2"},
				"down": {"uv": [1, 8.25, 0.5, 10.75], "texture": "#2"}
			}
		},
		{
			"from": [9, 6, 4],
			"to": [11, 8, 14],
			"faces": {
				"north": {"uv": [9.5, 8.75, 10, 9.25], "texture": "#2"},
				"east": {"uv": [8.5, 3.5, 11, 4], "texture": "#2"},
				"south": {"uv": [9.5, 9.25, 10, 9.75], "texture": "#2"},
				"west": {"uv": [8.5, 4, 11, 4.5], "texture": "#2"},
				"up": {"uv": [6.5, 11.25, 6, 8.75], "texture": "#2"},
				"down": {"uv": [7, 8.75, 6.5, 11.25], "texture": "#2"}
			}
		},
		{
			"from": [3, 6, 4],
			"to": [5, 12, 14],
			"faces": {
				"north": {"uv": [8, 8.75, 8.5, 10.25], "texture": "#2"},
				"east": {"uv": [4, 6.25, 6.5, 7.75], "texture": "#2"},
				"south": {"uv": [8.5, 8.75, 9, 10.25], "texture": "#2"},
				"west": {"uv": [6.5, 6.25, 9, 7.75], "texture": "#2"},
				"up": {"uv": [1.5, 10.75, 1, 8.25], "texture": "#2"},
				"down": {"uv": [2, 8.25, 1.5, 10.75], "texture": "#2"}
			}
		},
		{
			"from": [5, 6, 4],
			"to": [7, 8, 14],
			"faces": {
				"north": {"uv": [9.5, 6.5, 10, 7], "texture": "#2"},
				"east": {"uv": [8.5, 2.5, 11, 3], "texture": "#2"},
				"south": {"uv": [9.5, 7, 10, 7.5], "texture": "#2"},
				"west": {"uv": [8.5, 3, 11, 3.5], "texture": "#2"},
				"up": {"uv": [2.5, 10.75, 2, 8.25], "texture": "#2"},
				"down": {"uv": [6, 8.75, 5.5, 11.25], "texture": "#2"}
			}
		},
		{
			"from": [3, 6, 14],
			"to": [13, 12, 16],
			"faces": {
				"north": {"uv": [0, 6.75, 2.5, 8.25], "texture": "#2"},
				"east": {"uv": [9, 6.25, 9.5, 7.75], "texture": "#2"},
				"south": {"uv": [7.5, 0, 10, 1.5], "texture": "#2"},
				"west": {"uv": [9, 8.75, 9.5, 10.25], "texture": "#2"},
				"up": {"uv": [11, 2, 8.5, 1.5], "texture": "#2"},
				"down": {"uv": [11, 2, 8.5, 2.5], "texture": "#2"}
			}
		},
		{
			"from": [7, 6, 10],
			"to": [9, 8, 14],
			"faces": {
				"north": {"uv": [3.5, 9.75, 4, 10.25], "texture": "#2"},
				"east": {"uv": [9.5, 4.5, 10.5, 5], "texture": "#2"},
				"south": {"uv": [4, 9.75, 4.5, 10.25], "texture": "#2"},
				"west": {"uv": [9.5, 5, 10.5, 5.5], "texture": "#2"},
				"up": {"uv": [4, 7.75, 3.5, 6.75], "texture": "#2"},
				"down": {"uv": [10, 5.5, 9.5, 6.5], "texture": "#2"}
			}
		},
		{
			"from": [7, 6, 4],
			"to": [9, 8, 6],
			"faces": {
				"north": {"uv": [4.5, 9.75, 5, 10.25], "texture": "#2"},
				"east": {"uv": [5, 9.75, 5.5, 10.25], "texture": "#2"},
				"south": {"uv": [9.5, 9.75, 10, 10.25], "texture": "#2"},
				"west": {"uv": [10, 0, 10.5, 0.5], "texture": "#2"},
				"up": {"uv": [10.5, 1, 10, 0.5], "texture": "#2"},
				"down": {"uv": [10.5, 1, 10, 1.5], "texture": "#2"}
			}
		},
		{
			"from": [3, 6, 0],
			"to": [13, 19, 4],
			"faces": {
				"north": {"uv": [0, 0, 2.5, 3.25], "texture": "#2"},
				"east": {"uv": [2.5, 6.75, 3.5, 10], "texture": "#2"},
				"south": {"uv": [2.5, 0, 5, 3.25], "texture": "#2"},
				"west": {"uv": [7.5, 1.5, 8.5, 4.75], "texture": "#2"},
				"up": {"uv": [8, 8.75, 5.5, 7.75], "texture": "#2"},
				"down": {"uv": [10.5, 7.75, 8, 8.75], "texture": "#2"}
			}
		},
		{
			"from": [6, 19, 1],
			"to": [10, 19.5, 3],
			"faces": {
				"north": {"uv": [2.5, 10.75, 3.5, 11], "texture": "#2"},
				"east": {"uv": [2.5, 11.5, 3, 11.75], "texture": "#2"},
				"south": {"uv": [2.5, 11, 3.5, 11.25], "texture": "#2"},
				"west": {"uv": [2.5, 11.25, 3, 11.5], "texture": "#2"},
				"up": {"uv": [3.5, 10.5, 2.5, 10], "texture": "#2"},
				"down": {"uv": [5.5, 9.25, 4.5, 9.75], "texture": "#2"}
			}
		},
		{
			"from": [7, 6, 6],
			"to": [9, 7, 10],
			"faces": {
				"north": {"uv": [0, 0, 0.5, 0.25], "texture": "#missing"},
				"east": {"uv": [0, 0, 1, 0.25], "texture": "#missing"},
				"south": {"uv": [0, 0, 0.5, 0.25], "texture": "#missing"},
				"west": {"uv": [0, 0, 1, 0.25], "texture": "#missing"},
				"up": {"uv": [0, 0, 4, 5], "texture": "#1"},
				"down": {"uv": [0, 0, 0.5, 1], "texture": "#missing"}
			}
		},
		{
			"from": [4, 0, 0],
			"to": [12, 6, 14],
			"faces": {
				"north": {"uv": [0, 0, 2, 1.5], "texture": "#2"},
				"east": {"uv": [0, 0, 3.5, 1.5], "texture": "#2"},
				"south": {"uv": [0, 0, 2, 1.5], "texture": "#2"},
				"west": {"uv": [0, 0, 3.5, 1.5], "texture": "#2"},
				"up": {"uv": [0, 0, 2, 3.5], "texture": "#missing"},
				"down": {"uv": [2, 0, 4, 3.5], "texture": "#2"}
			}
		}
	]
}